"filename", "language", "JSON with Comments", "TypeScript", "Markdown", "JavaScript", "WebAssembly Text Format", "JSON", "CSS", "HTML", "XML", "comment", "blank", "total"
"f:\myjs\three-tile\.eslintrc.cjs", "JavaScript", 0, 0, 0, 30, 0, 0, 0, 0, 0, 0, 1, 31
"f:\myjs\three-tile\.prettierrc.cjs", "JavaScript", 0, 0, 0, 23, 0, 0, 0, 0, 0, 20, 2, 45
"f:\myjs\three-tile\DEV.md", "Markdown", 0, 0, 78, 0, 0, 0, 0, 0, 0, 0, 60, 138
"f:\myjs\three-tile\README.md", "Markdown", 0, 0, 219, 0, 0, 0, 0, 0, 0, 0, 75, 294
"f:\myjs\three-tile\README_CN.md", "Markdown", 0, 0, 310, 0, 0, 0, 0, 0, 0, 0, 87, 397
"f:\myjs\three-tile\blog.md", "Markdown", 0, 0, 54, 0, 0, 0, 0, 0, 0, 0, 27, 81
"f:\myjs\three-tile\demo\gui\camera.ts", "TypeScript", 0, 130, 0, 0, 0, 0, 0, 0, 0, 18, 11, 159
"f:\myjs\three-tile\demo\gui\compass.ts", "TypeScript", 0, 13, 0, 0, 0, 0, 0, 0, 0, 2, 2, 17
"f:\myjs\three-tile\demo\gui\debug.ts", "TypeScript", 0, 56, 0, 0, 0, 0, 0, 0, 0, 1, 4, 61
"f:\myjs\three-tile\demo\gui\environment.ts", "TypeScript", 0, 64, 0, 0, 0, 0, 0, 0, 0, 0, 12, 76
"f:\myjs\three-tile\demo\gui\index.ts", "TypeScript", 0, 95, 0, 0, 0, 0, 0, 0, 0, 11, 10, 116
"f:\myjs\three-tile\demo\gui\loader.ts", "TypeScript", 0, 55, 0, 0, 0, 0, 0, 0, 0, 0, 7, 62
"f:\myjs\three-tile\demo\gui\mapOptions.ts", "TypeScript", 0, 15, 0, 0, 0, 0, 0, 0, 0, 1, 3, 19
"f:\myjs\three-tile\demo\gui\source.ts", "TypeScript", 0, 203, 0, 0, 0, 0, 0, 0, 0, 22, 22, 247
"f:\myjs\three-tile\demo\index.html", "HTML", 0, 0, 0, 0, 0, 0, 0, 55, 0, 0, 4, 59
"f:\myjs\three-tile\demo\main.ts", "TypeScript", 0, 81, 0, 0, 0, 0, 0, 0, 0, 40, 17, 138
"f:\myjs\three-tile\demo\mapSource.ts", "TypeScript", 0, 131, 0, 0, 0, 0, 0, 0, 0, 25, 21, 177
"f:\myjs\three-tile\demo\public\favicon.svg", "XML", 0, 0, 0, 0, 0, 0, 0, 0, 13, 0, 0, 13
"f:\myjs\three-tile\demo\public\image\shanxi.svg", "XML", 0, 0, 0, 0, 0, 0, 0, 0, 1, 0, 0, 1
"f:\myjs\three-tile\demo\public\lerc-wasm.wasm", "WebAssembly Text Format", 0, 0, 0, 0, 4051, 0, 0, 0, 0, 0, 36, 4087
"f:\myjs\three-tile\demo\public\test.html", "HTML", 0, 0, 0, 0, 0, 0, 0, 84, 0, 0, 9, 93
"f:\myjs\three-tile\demo\style.css", "CSS", 0, 0, 0, 0, 0, 0, 157, 0, 0, 0, 18, 175
"f:\myjs\three-tile\demo\utils.ts", "TypeScript", 0, 46, 0, 0, 0, 0, 0, 0, 0, 30, 8, 84
"f:\myjs\three-tile\package-lock.json", "JSON", 0, 0, 0, 0, 0, 2646, 0, 0, 0, 0, 1, 2647
"f:\myjs\three-tile\package.json", "JSON", 0, 0, 0, 0, 0, 56, 0, 0, 0, 0, 1, 57
"f:\myjs\three-tile\src\geometry\GeometryDataTypes.ts", "TypeScript", 0, 18, 0, 0, 0, 0, 0, 0, 0, 11, 3, 32
"f:\myjs\three-tile\src\geometry\Martini.ts", "TypeScript", 0, 193, 0, 0, 0, 0, 0, 0, 0, 59, 50, 302
"f:\myjs\three-tile\src\geometry\TileGeometry.ts", "TypeScript", 0, 20, 0, 0, 0, 0, 0, 0, 0, 14, 6, 40
"f:\myjs\three-tile\src\geometry\back\TileDEMGeometry.ts", "TypeScript", 0, 145, 0, 0, 0, 0, 0, 0, 0, 37, 36, 218
"f:\myjs\three-tile\src\geometry\back\TileSimpleGeometry.ts", "TypeScript", 0, 21, 0, 0, 0, 0, 0, 0, 0, 4, 4, 29
"f:\myjs\three-tile\src\geometry\index.ts", "TypeScript", 0, 6, 0, 0, 0, 0, 0, 0, 0, 5, 2, 13
"f:\myjs\three-tile\src\geometry\skirt.ts", "TypeScript", 0, 144, 0, 0, 0, 0, 0, 0, 0, 54, 29, 227
"f:\myjs\three-tile\src\geometry\utils.test.ts", "TypeScript", 0, 66, 0, 0, 0, 0, 0, 0, 0, 0, 14, 80
"f:\myjs\three-tile\src\geometry\utils.ts", "TypeScript", 0, 100, 0, 0, 0, 0, 0, 0, 0, 52, 20, 172
"f:\myjs\three-tile\src\index.ts", "TypeScript", 0, 9, 0, 0, 0, 0, 0, 0, 0, 12, 4, 25
"f:\myjs\three-tile\src\loader\CacheEx.ts", "TypeScript", 0, 28, 0, 0, 0, 0, 0, 0, 0, 10, 7, 45
"f:\myjs\three-tile\src\loader\FileLoaderEx.ts", "TypeScript", 0, 108, 0, 0, 0, 0, 0, 0, 0, 18, 21, 147
"f:\myjs\three-tile\src\loader\ITileLoaders.ts", "TypeScript", 0, 31, 0, 0, 0, 0, 0, 0, 0, 8, 5, 44
"f:\myjs\three-tile\src\loader\ImageLoaerEx.ts", "TypeScript", 0, 51, 0, 0, 0, 0, 0, 0, 0, 24, 11, 86
"f:\myjs\three-tile\src\loader\LoaderFactory.ts", "TypeScript", 0, 44, 0, 0, 0, 0, 0, 0, 0, 29, 10, 83
"f:\myjs\three-tile\src\loader\TileGeometryLoader.ts", "TypeScript", 0, 58, 0, 0, 0, 0, 0, 0, 0, 33, 6, 97
"f:\myjs\three-tile\src\loader\TileLoader.ts", "TypeScript", 0, 141, 0, 0, 0, 0, 0, 0, 0, 50, 20, 211
"f:\myjs\three-tile\src\loader\TileTextureLoader.ts", "TypeScript", 0, 49, 0, 0, 0, 0, 0, 0, 0, 28, 5, 82
"f:\myjs\three-tile\src\loader\index.ts", "TypeScript", 0, 8, 0, 0, 0, 0, 0, 0, 0, 10, 6, 24
"f:\myjs\three-tile\src\loader\util.ts", "TypeScript", 0, 48, 0, 0, 0, 0, 0, 0, 0, 26, 9, 83
"f:\myjs\three-tile\src\map\SourceWithProjection.ts", "TypeScript", 0, 26, 0, 0, 0, 0, 0, 0, 0, 31, 8, 65
"f:\myjs\three-tile\src\map\TileMap.ts", "TypeScript", 0, 239, 0, 0, 0, 0, 0, 0, 0, 281, 64, 584
"f:\myjs\three-tile\src\map\index.ts", "TypeScript", 0, 2, 0, 0, 0, 0, 0, 0, 0, 5, 2, 9
"f:\myjs\three-tile\src\map\projection\BaseProjection.ts", "TypeScript", 0, 44, 0, 0, 0, 0, 0, 0, 0, 42, 8, 94
"f:\myjs\three-tile\src\map\projection\IProjection.ts", "TypeScript", 0, 13, 0, 0, 0, 0, 0, 0, 0, 9, 4, 26
"f:\myjs\three-tile\src\map\projection\ProjMCT.ts", "TypeScript", 0, 23, 0, 0, 0, 0, 0, 0, 0, 25, 9, 57
"f:\myjs\three-tile\src\map\projection\ProjWGS.ts", "TypeScript", 0, 14, 0, 0, 0, 0, 0, 0, 0, 8, 5, 27
"f:\myjs\three-tile\src\map\projection\ProjectFactory.ts", "TypeScript", 0, 19, 0, 0, 0, 0, 0, 0, 0, 11, 3, 33
"f:\myjs\three-tile\src\map\projection\index.ts", "TypeScript", 0, 5, 0, 0, 0, 0, 0, 0, 0, 5, 2, 12
"f:\myjs\three-tile\src\map\projection\projection.test.ts", "TypeScript", 0, 52, 0, 0, 0, 0, 0, 0, 0, 13, 15, 80
"f:\myjs\three-tile\src\map\util.ts", "TypeScript", 0, 89, 0, 0, 0, 0, 0, 0, 0, 33, 15, 137
"f:\myjs\three-tile\src\material\TileMaterial.ts", "TypeScript", 0, 19, 0, 0, 0, 0, 0, 0, 0, 8, 5, 32
"f:\myjs\three-tile\src\material\index.ts", "TypeScript", 0, 1, 0, 0, 0, 0, 0, 0, 0, 6, 3, 10
"f:\myjs\three-tile\src\material\shader\TileShaderMaterial.ts", "TypeScript", 0, 49, 0, 0, 0, 0, 0, 0, 0, 22, 9, 80
"f:\myjs\three-tile\src\plugin\GLViewer.ts", "TypeScript", 0, 158, 0, 0, 0, 0, 0, 0, 0, 19, 27, 204
"f:\myjs\three-tile\src\plugin\Readme.md", "Markdown", 0, 0, 299, 0, 0, 0, 0, 0, 0, 0, 116, 415
"f:\myjs\three-tile\src\plugin\debugLoader\DebugeLoader.ts", "TypeScript", 0, 41, 0, 0, 0, 0, 0, 0, 0, 13, 5, 59
"f:\myjs\three-tile\src\plugin\debugLoader\index.ts", "TypeScript", 0, 3, 0, 0, 0, 0, 0, 0, 0, 6, 3, 12
"f:\myjs\three-tile\src\plugin\fakeEarth\EarthMaskMaterial.ts", "TypeScript", 0, 53, 0, 0, 0, 0, 0, 0, 0, 14, 10, 77
"f:\myjs\three-tile\src\plugin\fakeEarth\FakeEarth.ts", "TypeScript", 0, 14, 0, 0, 0, 0, 0, 0, 0, 8, 5, 27
"f:\myjs\three-tile\src\plugin\fakeEarth\index.ts", "TypeScript", 0, 2, 0, 0, 0, 0, 0, 0, 0, 5, 2, 9
"f:\myjs\three-tile\src\plugin\index.ts", "TypeScript", 0, 13, 0, 0, 0, 0, 0, 0, 0, 24, 3, 40
"f:\myjs\three-tile\src\plugin\lercLoader\TileGeometryLercLoader.ts", "TypeScript", 0, 63, 0, 0, 0, 0, 0, 0, 0, 12, 8, 83
"f:\myjs\three-tile\src\plugin\lercLoader\index.ts", "TypeScript", 0, 3, 0, 0, 0, 0, 0, 0, 0, 5, 3, 11
"f:\myjs\three-tile\src\plugin\lercLoader\lercDecode\LercDecode.d.ts", "TypeScript", 0, 55, 0, 0, 0, 0, 0, 0, 0, 0, 7, 62
"f:\myjs\three-tile\src\plugin\lercLoader\lercDecode\LercDecode.es.d.ts", "TypeScript", 0, 55, 0, 0, 0, 0, 0, 0, 0, 0, 7, 62
"f:\myjs\three-tile\src\plugin\lercLoader\lercDecode\LercDecode.es.js", "JavaScript", 0, 0, 0, 980, 0, 0, 0, 0, 0, 78, 7, 1065
"f:\myjs\three-tile\src\plugin\lercLoader\lercDecode\LercDecode.es.min.js", "JavaScript", 0, 0, 0, 1, 0, 0, 0, 0, 0, 16, 0, 17
"f:\myjs\three-tile\src\plugin\lercLoader\lercDecode\LercDecode.js", "JavaScript", 0, 0, 0, 360, 0, 0, 0, 0, 0, 78, 11, 449
"f:\myjs\three-tile\src\plugin\lercLoader\lercDecode\LercDecode.min.js", "JavaScript", 0, 0, 0, 1, 0, 0, 0, 0, 0, 16, 0, 17
"f:\myjs\three-tile\src\plugin\lercLoader\lercDecode\lerc-wasm.wasm", "WebAssembly Text Format", 0, 0, 0, 0, 4051, 0, 0, 0, 0, 0, 36, 4087
"f:\myjs\three-tile\src\plugin\lercLoader\parse.ts", "TypeScript", 0, 96, 0, 0, 0, 0, 0, 0, 0, 19, 12, 127
"f:\myjs\three-tile\src\plugin\lercLoader\parse.worker.ts", "TypeScript", 0, 12, 0, 0, 0, 0, 0, 0, 0, 5, 4, 21
"f:\myjs\three-tile\src\plugin\logoLoader\TileMateriaLogoLoader.ts", "TypeScript", 0, 44, 0, 0, 0, 0, 0, 0, 0, 22, 9, 75
"f:\myjs\three-tile\src\plugin\logoLoader\index.ts", "TypeScript", 0, 3, 0, 0, 0, 0, 0, 0, 0, 6, 2, 11
"f:\myjs\three-tile\src\plugin\mapSource\ArcGisSource.ts", "TypeScript", 0, 24, 0, 0, 0, 0, 0, 0, 0, 6, 3, 33
"f:\myjs\three-tile\src\plugin\mapSource\BaiduSource.ts", "TypeScript", 0, 13, 0, 0, 0, 0, 0, 0, 0, 9, 3, 25
"f:\myjs\three-tile\src\plugin\mapSource\BingSource.ts", "TypeScript", 0, 32, 0, 0, 0, 0, 0, 0, 0, 14, 6, 52
"f:\myjs\three-tile\src\plugin\mapSource\GDSource.ts", "TypeScript", 0, 15, 0, 0, 0, 0, 0, 0, 0, 4, 3, 22
"f:\myjs\three-tile\src\plugin\mapSource\GeoqSource.ts", "TypeScript", 0, 13, 0, 0, 0, 0, 0, 0, 0, 3, 3, 19
"f:\myjs\three-tile\src\plugin\mapSource\GoogleSource.ts", "TypeScript", 0, 15, 0, 0, 0, 0, 0, 0, 0, 17, 7, 39
"f:\myjs\three-tile\src\plugin\mapSource\MapBoxSource.ts", "TypeScript", 0, 17, 0, 0, 0, 0, 0, 0, 0, 3, 4, 24
"f:\myjs\three-tile\src\plugin\mapSource\MapTilerSource.ts", "TypeScript", 0, 17, 0, 0, 0, 0, 0, 0, 0, 3, 4, 24
"f:\myjs\three-tile\src\plugin\mapSource\StadiaSource.ts", "TypeScript", 0, 10, 0, 0, 0, 0, 0, 0, 0, 3, 2, 15
"f:\myjs\three-tile\src\plugin\mapSource\TDTSource.ts", "TypeScript", 0, 29, 0, 0, 0, 0, 0, 0, 0, 4, 8, 41
"f:\myjs\three-tile\src\plugin\mapSource\TXSource.ts", "TypeScript", 0, 21, 0, 0, 0, 0, 0, 0, 0, 4, 5, 30
"f:\myjs\three-tile\src\plugin\mapSource\ZKXTSource.ts", "TypeScript", 0, 30, 0, 0, 0, 0, 0, 0, 0, 8, 8, 46
"f:\myjs\three-tile\src\plugin\mapSource\index.ts", "TypeScript", 0, 11, 0, 0, 0, 0, 0, 0, 0, 7, 3, 21
"f:\myjs\three-tile\src\plugin\martiniLoader\TileGeometryMartiniLoader.ts", "TypeScript", 0, 83, 0, 0, 0, 0, 0, 0, 0, 32, 10, 125
"f:\myjs\three-tile\src\plugin\martiniLoader\index.ts", "TypeScript", 0, 3, 0, 0, 0, 0, 0, 0, 0, 5, 3, 11
"f:\myjs\three-tile\src\plugin\martiniLoader\parse.ts", "TypeScript", 0, 61, 0, 0, 0, 0, 0, 0, 0, 29, 13, 103
"f:\myjs\three-tile\src\plugin\martiniLoader\parse.worker.ts", "TypeScript", 0, 7, 0, 0, 0, 0, 0, 0, 0, 7, 3, 17
"f:\myjs\three-tile\src\plugin\normalLoder\TileMateriaNormalLoader.ts", "TypeScript", 0, 13, 0, 0, 0, 0, 0, 0, 0, 9, 4, 26
"f:\myjs\three-tile\src\plugin\normalLoder\index.ts", "TypeScript", 0, 3, 0, 0, 0, 0, 0, 0, 0, 6, 2, 11
"f:\myjs\three-tile\src\plugin\qmLoader\TileGeometryQmLoader.ts", "TypeScript", 0, 47, 0, 0, 0, 0, 0, 0, 0, 14, 6, 67
"f:\myjs\three-tile\src\plugin\qmLoader\TileQmGeometry.ts", "TypeScript", 0, 66, 0, 0, 0, 0, 0, 0, 0, 6, 16, 88
"f:\myjs\three-tile\src\plugin\qmLoader\index.ts", "TypeScript", 0, 3, 0, 0, 0, 0, 0, 0, 0, 5, 3, 11
"f:\myjs\three-tile\src\plugin\qmLoader\qm-decoder.ts", "TypeScript", 0, 272, 0, 0, 0, 0, 0, 0, 0, 2, 71, 345
"f:\myjs\three-tile\src\plugin\singleImageLoader\SingleImageLoader.ts", "TypeScript", 0, 64, 0, 0, 0, 0, 0, 0, 0, 19, 20, 103
"f:\myjs\three-tile\src\plugin\singleImageLoader\index.ts", "TypeScript", 0, 3, 0, 0, 0, 0, 0, 0, 0, 6, 2, 11
"f:\myjs\three-tile\src\plugin\terrainRGBLoader\TerrainRGBLoader.ts", "TypeScript", 0, 51, 0, 0, 0, 0, 0, 0, 0, 27, 6, 84
"f:\myjs\three-tile\src\plugin\terrainRGBLoader\index.ts", "TypeScript", 0, 3, 0, 0, 0, 0, 0, 0, 0, 5, 3, 11
"f:\myjs\three-tile\src\plugin\terrainRGBLoader\parse.ts", "TypeScript", 0, 20, 0, 0, 0, 0, 0, 0, 0, 13, 4, 37
"f:\myjs\three-tile\src\plugin\terrainRGBLoader\parse.worker.ts", "TypeScript", 0, 9, 0, 0, 0, 0, 0, 0, 0, 5, 4, 18
"f:\myjs\three-tile\src\plugin\tileImageLoader\TileImageLoader.ts", "TypeScript", 0, 33, 0, 0, 0, 0, 0, 0, 0, 8, 5, 46
"f:\myjs\three-tile\src\plugin\tileImageLoader\index.ts", "TypeScript", 0, 3, 0, 0, 0, 0, 0, 0, 0, 5, 3, 11
"f:\myjs\three-tile\src\plugin\wireframeLoader\TileMaterialWrieLoader.ts", "TypeScript", 0, 18, 0, 0, 0, 0, 0, 0, 0, 8, 4, 30
"f:\myjs\three-tile\src\plugin\wireframeLoader\index.ts", "TypeScript", 0, 3, 0, 0, 0, 0, 0, 0, 0, 6, 3, 12
"f:\myjs\three-tile\src\source\ISource.ts", "TypeScript", 0, 14, 0, 0, 0, 0, 0, 0, 0, 20, 3, 37
"f:\myjs\three-tile\src\source\TileSource.ts", "TypeScript", 0, 58, 0, 0, 0, 0, 0, 0, 0, 52, 9, 119
"f:\myjs\three-tile\src\source\index.ts", "TypeScript", 0, 2, 0, 0, 0, 0, 0, 0, 0, 5, 3, 10
"f:\myjs\three-tile\src\tile\Tile.ts", "TypeScript", 0, 248, 0, 0, 0, 0, 0, 0, 0, 148, 49, 445
"f:\myjs\three-tile\src\tile\index.ts", "TypeScript", 0, 1, 0, 0, 0, 0, 0, 0, 0, 5, 2, 8
"f:\myjs\three-tile\src\tile\util.ts", "TypeScript", 0, 84, 0, 0, 0, 0, 0, 0, 0, 18, 11, 113
"f:\myjs\three-tile\src\vite-env.d.ts", "TypeScript", 0, 1, 0, 0, 0, 0, 0, 0, 0, 0, 1, 2
"f:\myjs\three-tile\tsconfig.json", "JSON with Comments", 21, 0, 0, 0, 0, 0, 0, 0, 0, 0, 1, 22
"f:\myjs\three-tile\typedoc.json", "JSON with Comments", 7, 0, 0, 0, 0, 0, 0, 0, 0, 1, 0, 8
"f:\myjs\three-tile\vite.config.demo.ts", "TypeScript", 0, 5, 0, 0, 0, 0, 0, 0, 0, 0, 2, 7
"f:\myjs\three-tile\vite.config.dev.ts", "TypeScript", 0, 11, 0, 0, 0, 0, 0, 0, 0, 0, 3, 14
"f:\myjs\three-tile\vite.config.lib.ts", "TypeScript", 0, 30, 0, 0, 0, 0, 0, 0, 0, 0, 2, 32
"f:\myjs\three-tile\vitest.config.ts", "TypeScript", 0, 8, 0, 0, 0, 0, 0, 0, 0, 0, 2, 10
"Total", "-", 28, 4861, 960, 1395, 8102, 2702, 157, 139, 14, 2050, 1467, 21875